[
    {
      "id": 1,
      "name": "Scissors",
      "description": "use this to cut stuff",
      "price": 4.99
    },
    {
      "id": 2,
      "name": "Steak Knives",
      "description": "Use this to eat food",
      "price":10.09
    },
    {
      "id": 3,
      "name": "Skewers",
      "description": "Use this to roast food",
      "price": 23.45
    },
    {
      "id": 4,
      "name": "Cellotape",
      "description": "used to stick",
      "price": 20.35
    },
    {
      "id": 5,
      "name": "Data",
      "description": "Used to store data",
      "price":53.45
    },
    {
      "id": 6,
      "name": "Baking Tray",
      "description": "Use this to bake food",
      "price": 33.45
    },
    {
      "id": 7,
      "name": "Cellotape",
      "description": "used to stick",
      "price": 20.35
    },
    {
      "id": 8,
      "name": "Data",
      "description": "Used to store data",
      "price":53.45
    },
    {
      "id": 9,
      "name": "Baking Tray",
      "description": "Use this to bake food",
      "price": 33.45
    }
    
  ]
